{
  "version": "2023.2",
  "applications": [],
  "platforms": [
    {
      "name": "Chandler_test"
    }
  ],
  "systems": [
    {
      "name": "RTOS_DEMO_system",
      "platform": "C:/Users/caleb/workspace/Chandler_test/export/Chandler_test/Chandler_test.xpfm",
      "sysConfig": "Chandler_test",
      "buildConfig": "Debug",
      "applications": [
        {
          "name": "RTOS_DEMO",
          "platform": "C:/Users/caleb/workspace/Chandler_test/export/Chandler_test/Chandler_test.xpfm",
          "platformPath": "C:\\Users\\caleb\\workspace\\Chandler_test\\export\\Chandler_test",
          "sysConfig": "Chandler_test",
          "domain": "freertos10_xilinx_domain",
          "system": "RTOS_DEMO_system"
        }
      ],
      "platformPath": "C:\\Users\\caleb\\workspace\\Chandler_test\\export\\Chandler_test"
    }
  ],
  "others": []
}